Date,Retail Price,Inflation NCIP Food,Inflation NCIP Non Food,Inflation NCIP All Items,National Production
2014-01-01,93.59,14198.75,18921.7,33139.11,4345.7
2014-02-01,91.75,14127.75625,18978.4651,33105.97089,4345.7
2014-03-01,88.47,14170.13952,18997.44357,33172.18283,4345.7
2014-04-01,85.06,14411.03189,19054.4359,33470.73248,3025.8
2014-05-01,119.51,14684.8415,19054.4359,33738.49834,3025.8
2014-06-01,139.89,15096.01706,19073.49033,34143.36032,3025.8
2014-07-01,140.55,15337.55333,19092.56382,34416.5072,3025.8
2014-08-01,104.24,15046.13982,19207.1192,34210.00816,3025.8
2014-09-01,95.42,15046.13982,19168.70497,34210.00816,3025.8
2014-10-01,125.30,15091.27824,19015.35533,34073.16812,5496.2
2014-11-01,141.77,15468.56019,18920.27855,34345.75347,5496.2
2014-12-01,166.62,16087.3026,18844.59744,34895.28552,5496.2
2015-01-01,220.50,16827.31852,19447.62455,36256.20166,5496.2
2015-02-01,165.97,15800.85209,19214.25306,34987.2346,5496.2
2015-03-01,137.29,15358.42823,19271.89582,34567.38779,5496.2
2015-04-01,110.15,15035.90124,19387.52719,34359.98346,3741.5
2015-05-01,117.25,15366.69107,19406.91472,34669.22331,3741.5
2015-06-01,135.96,15674.02489,19426.32164,35015.91554,3741.5
2015-07-01,128.66,15548.63269,19504.02692,34945.88371,3741.5
2015-08-01,119.86,15299.85457,19621.05108,34771.15429,3741.5
2015-09-01,108.70,15223.35529,19660.29319,34771.15429,3741.5
2015-10-01,121.43,15436.48227,19699.61377,35014.55237,5656.3
2015-11-01,197.09,16192.8699,19876.9103,35924.93074,5656.3
2015-12-01,207.30,16516.7273,19936.54103,36320.10497,5656.3
2016-01-01,144.78,16136.84257,19916.60449,35920.58382,5656.3
2016-02-01,125.94,15717.28466,19956.43769,35525.4574,5656.3
2016-03-01,119.94,15450.09082,19996.35057,35276.7792,5656.3
2016-04-01,114.72,15789.99282,20156.32137,35805.93088,4011
2016-05-01,145.31,16121.58267,20498.97884,36486.24357,4011
2016-06-01,183.02,16879.29706,20539.9768,37252.45469,4011
2016-07-01,142.24,16609.2283,20498.89684,36954.43505,4011
2016-08-01,109.02,15944.85917,20539.89464,36363.16409,4011
2016-09-01,108.24,15976.74889,20622.05421,36435.89042,4011
2016-10-01,124.62,16264.33037,20704.54243,36836.68521,5298.3
2016-11-01,137.63,16443.238,21139.33782,37462.90886,5298.3
2016-12-01,148.39,16903.64867,21097.05915,37912.46376,5298.3
2017-01-01,106.62,17207.91434,21223.6415,38329.50087,5298.3
2017-02-01,135.18,17328.36974,21308.53607,38521.14837,5298.3
2017-03-01,124.39,17189.74279,21329.8446,38405.58493,5298.3
2017-04-01,134.45,17653.86584,21351.17445,38904.85753,4065.7
2017-05-01,140.76,17830.4045,21415.22797,39177.19153,4065.7
2017-06-01,157.16,18347.48623,21436.6432,39686.49502,4065.7
2017-07-01,148.52,17998.88399,21458.07984,39369.00306,4065.7
2017-08-01,140.23,17890.89069,21522.45408,39329.63406,4065.7
2017-09-01,140.69,18195.03583,21543.97654,39644.27113,4065.7
2017-10-01,153.62,18649.91172,21587.06449,40120.00238,5243.3
2017-11-01,161.09,19041.55987,21716.58688,40641.56242,5243.3
2017-12-01,197.72,19079.64299,21716.58688,40722.84554,5243.3
2018-01-01,153.95,18774.3687,21760.02005,40478.50847,5243.3
2018-02-01,129.70,17985.84522,21912.34019,39790.37382,5243.3
2018-03-01,118.63,17662.1,21956.16487,39511.84121,5243.3
2018-04-01,114.29,17626.7758,22000.0772,39551.35305,4276.8
2018-05-01,132.87,17855.92389,22242.07805,39986.41793,4276.8
2018-06-01,188.74,18463.0253,22353.28844,40706.17345,4276.8
2018-07-01,180.39,18426.09925,22397.99502,40746.87963,4276.8
2018-08-01,144.23,17891.74237,22554.78098,40380.15771,4276.8
2018-09-01,120.73,17444.44881,22690.10967,40057.11645,4276.8
2018-10-01,146.04,17427.00436,22848.94044,40217.34492,5813
2018-11-01,235.63,18315.78159,22871.78938,41102.1265,5813
2018-12-01,165.83,18242.51846,22757.43043,40896.61587,5813
2019-01-01,141.14,17877.66809,23189.82161,40978.4091,5813
2019-02-01,117.09,17466.48172,23398.53,40773.51706,5813
2019-03-01,114.57,17256.88394,23515.52265,40691.97002,5813
2019-04-01,129.37,17412.1959,23656.61579,40976.81381,4773.5
2019-05-01,160.71,17777.85201,23727.58563,41427.55877,4773.5
2019-06-01,155.16,17920.07483,23751.31322,41593.269,4773.5
2019-07-01,134.54,17973.83505,23775.06453,41676.45554,4773.5
2019-08-01,139.45,18009.78272,23822.61466,41759.80845,4773.5
2019-09-01,139.45,18297.93925,23846.43728,42052.12711,4773.5
2019-10-01,161.36,18718.79185,23822.59084,42472.64838,5881.5
2019-11-01,179.09,19055.7301,23822.59084,42812.42957,5881.5
2019-12-01,205.27,19817.95931,23703.47789,43497.42844,5881.5
2020-01-01,228.51,20313.40829,23869.40223,44149.88987,5881.5
2020-02-01,210.00,20293.09488,23893.27163,44149.88987,5881.5
2020-03-01,163.14,19664.00894,23941.05818,43575.9413,5881.5
2020-04-01,117.79,19526.36088,23941.05818,43445.21347,6093.7
2020-05-01,127.77,19741.15085,23941.05818,43618.99433,6093.7
2020-06-01,137.36,20333.38537,23941.05818,44229.66025,6093.7
2020-07-01,127.96,20272.38522,24012.88135,44229.66025,6093.7
2020-08-01,139.95,20373.74714,24084.92,44406.57889,6093.7
2020-09-01,164.36,20597.85836,24181.25968,44761.83152,6093.7
2020-10-01,162.69,20659.65194,24205.44094,44806.59335,6514
2020-11-01,164.39,20824.92915,24253.85182,45030.62632,6514
2020-12-01,205.51,21283.07759,24253.85182,45480.93258,6514
2021-01-01,197.02,21495.90837,24326.61337,45753.81818,6514
2021-02-01,197.98,21689.37155,24350.93999,45982.58727,6514
2021-03-01,168.50,21385.72034,24423.99281,45752.67433,6514
2021-04-01,151.85,21407.10606,24448.4168,45798.42701,5014.1
2021-05-01,161.60,21771.02687,24521.76205,46256.41128,5014.1
2021-06-01,192.90,22337.07357,24619.8491,46950.25745,5014.1
2021-07-01,192.54,22515.77015,24742.94834,47231.95899,5014.1
2021-08-01,187.12,22650.86478,24767.69129,47373.65487,5014.1
2021-09-01,175.43,22673.51564,24866.76206,47515.77583,5014.1
2021-10-01,191.50,23104.31244,25463.56435,48513.60712,5865.3
2021-11-01,282.36,24375.04962,25718.19999,50017.52895,5865.3
2021-12-01,339.60,25886.3027,26052.53659,51868.17752,5865.3
2022-01-01,318.51,30158.37924,36663.06469,66809.5662,5865.3
2022-02-01,285.59,30459.96303,36956.36921,67410.8523,5865.3
2022-03-01,250.81,31221.46211,38434.62398,69635.41042,5865.3
2022-04-01,229.14,35030.48049,41932.17476,76947.12852,5122.5
2022-05-01,311.67,38848.80286,45496.40961,84334.05285,5122.5
2022-06-01,371.02,44326.48406,48772.1511,93020.4603,5122.5
2022-07-01,343.89,46454.1553,51503.39157,97857.52423,5122.5
2022-08-01,328.88,47290.33009,52996.98992,100206.1048,5122.5
2022-09-01,317.28,47621.3624,54851.88457,102310.433,5122.5
2022-10-01,327.54,47097.52742,55180.99588,102208.1226,5922.7
2022-11-01,364.73,46438.16203,55180.99588,101594.8738,5922.7
2022-12-01,358.84,46298.84755,55401.71986,101594.8738,5922.7
2023-01-01,370.80,46391.44524,56011.13878,102306.038,5922.7
2023-02-01,309.47,45463.61634,58083.55091,103431.4044,5922.7
2023-03-01,261.10,44508.88039,59419.47258,103741.6986,5922.7
2023-04-01,246.90,44642.40703,58231.08313,102704.2816,4576
2023-05-01,314.78,45088.8311,57998.1588,102909.6902,4576
2023-06-01,390.07,45539.71942,57650.16985,103012.5999,4576
2023-07-01,383.90,45357.56054,57073.66815,102291.5117,4576
2023-08-01,325.31,44767.91225,57701.4785,102291.5117,4576
2023-09-01,302.11,45170.82346,58047.68737,103109.8438,4576
2023-10-01,322.48,44673.9444,58628.16424,103109.8438,5899.2
2023-11-01,430.62,45478.0754,59038.56139,104347.1619,5899.2
2023-12-01,463.04,47115.28612,58861.44571,105808.0221,5899.2
2024-01-01,521.46,48340.28356,60745.01197,108982.2628,5899.2
2024-02-01,479.04,47760.20015,61048.73703,108764.2983,5899.2
2024-03-01,351.62,46757.23595,59827.76229,106480.248,5899.2
2024-04-01,251.30,46102.63465,59528.62348,105521.9258,
2024-05-01,304.74,45364.99249,59350.03761,104572.2285,
2024-06-01,384.32,46453.75231,59112.63746,105513.3785,
2024-07-01,408.33,46686.02107,58285.06053,104880.2982,
2024-08-01,342.04,45845.67269,57702.20993,103411.9741,
2024-09-01,277.84,45478.90731,57529.1033,102894.9142,
2024-10-01,,45296.99168,57183.92868,102380.4396,
2024-11-01,,45478.17965,57126.74475,102482.8201,
2024-12-01,,46660.61232,57069.618,103610.1311,